{
  "generation": 8,
  "stress_tolerance": 0.49190134,
  "curiosity": 0.4690987,
  "energy_efficiency": 0.5,
  "paranoia": 0.19999999,
  "refractive_index": 0.5,
  "survival_drive": 0.8,
  "stoicism": 0.11595065,
  "seed_vector": [
    0.045314003,
    0.05143997,
    0.07020974,
    -0.029900657,
    -0.057195794,
    0.04066734,
    0.047583085,
    -0.016937511,
    0.0074607506,
    0.046190392,
    -0.02294646,
    -0.0023209879,
    0.027587181,
    -0.055765897,
    0.014376699,
    0.027218722,
    -0.042133365,
    0.040127825,
    0.048636,
    0.058452606,
    -0.010447994,
    0.050407883,
    -0.054974493,
    0.0003861465,
    -0.008702925,
    0.057202026,
    -0.009734013,
    0.027181977,
    -0.052037846,
    -0.03534055,
    -0.04234156,
    0.026651,
    0.046558276,
    -0.001174115,
    -0.014472164,
    0.009019044,
    -0.00706378,
    -0.011897123,
    -0.0568231,
    0.03335687,
    0.018930422,
    -0.030518442,
    0.046923865,
    0.009703332,
    -0.101694964,
    -0.09689182,
    -0.031073967,
    -0.022811092,
    -0.021985142,
    0.04902498,
    -0.0017228,
    -0.020531986,
    -0.09116722,
    0.039878253,
    0.006384594,
    0.029754765,
    0.027196178,
    0.03773867,
    0.034456346,
    0.011711176,
    0.0085708825,
    0.014728169,
    -0.35918096,
    -0.062551275,
    0.00547816,
    -0.00806835,
    0.03250124,
    0.013730001,
    -0.04621646,
    0.040301636,
    0.061827034,
    -0.029572919,
    -0.019862734,
    0.012437914,
    0.059821468,
    0.010172954,
    0.022741714,
    -0.07935277,
    0.022541517,
    -0.02263243,
    -0.030058464,
    -0.039805513,
    -0.03780581,
    -0.087232865,
    -0.021921834,
    0.067063585,
    -0.05022594,
    -0.022124229,
    0.029845819,
    -0.033256095,
    -0.036366526,
    -0.07884761,
    -0.042913813,
    0.012694765,
    -0.0012485003,
    0.08923984,
    -0.017100843,
    -0.014746655,
    0.04689394,
    0.048440725,
    -0.0044420655,
    0.061991382,
    0.0038329002,
    0.02133133,
    -0.063790455,
    0.012288288,
    -0.06466168,
    0.058646023,
    -0.01401182,
    -0.034502186,
    -0.025445506,
    0.022175461,
    -0.0605707,
    0.03769096,
    -0.043405056,
    0.008208439,
    -0.0294838,
    0.06522933,
    0.080979966,
    0.043951508,
    0.009006218,
    -0.026589094,
    -0.005258472,
    0.074120544,
    -0.019331872,
    0.037841294,
    -0.016971285,
    2.3202409e-33,
    0.037941657,
    -0.012041158,
    0.07296411,
    -0.00879592,
    0.041913908,
    -0.09317104,
    -0.05677609,
    0.002585741,
    -0.06940493,
    0.0605156,
    0.050947443,
    0.006361756,
    -0.013818629,
    0.043635327,
    0.051098417,
    -0.029231958,
    0.022590784,
    -0.002396222,
    -0.03635395,
    -0.053943787,
    -0.036223326,
    0.15317738,
    0.009487941,
    0.013681027,
    -0.01815508,
    -0.01656352,
    0.0008667248,
    0.07234473,
    -0.013349578,
    0.0230382,
    0.03390414,
    -0.03084542,
    0.02085868,
    -0.014308506,
    -0.00038192794,
    0.014520015,
    0.0051216767,
    -0.0021925988,
    0.029556952,
    -0.09115842,
    -0.08188326,
    -0.0072625275,
    0.005109267,
    -0.025860267,
    0.04869373,
    0.01241356,
    0.004079185,
    -0.046399344,
    0.00567786,
    0.034236167,
    0.018100316,
    -0.011333649,
    0.012637443,
    0.026922042,
    -0.042075906,
    0.019310294,
    -0.0104868645,
    0.0757122,
    0.008792831,
    -0.019250186,
    0.039300296,
    0.04263911,
    0.086199604,
    0.017203892,
    0.0034734413,
    -0.041377034,
    0.07070931,
    -0.049114782,
    0.059951853,
    -0.027702076,
    -0.076104306,
    -0.037959084,
    -0.00397584,
    0.027413325,
    -0.026590213,
    0.064017154,
    0.008164995,
    -0.07268108,
    0.034801573,
    -0.0043431674,
    -0.13784103,
    0.02515426,
    -0.06914119,
    0.005370993,
    0.014810416,
    0.024308467,
    0.0032119777,
    -0.06852268,
    -0.026921311,
    0.014042352,
    -0.08640289,
    0.046326846,
    -0.08832058,
    -0.051302403,
    -0.029977636,
    -4.722046e-33,
    -0.00016938585,
    -0.0031470333,
    0.00763346,
    0.024966732,
    -0.039638977,
    -0.00709505,
    0.014749512,
    0.02074347,
    0.019680975,
    0.03147627,
    0.012828237,
    0.035676513,
    0.014266786,
    -0.09994912,
    -0.080471344,
    -0.0022607949,
    0.046859566,
    0.002175836,
    -0.0021163244,
    0.021732062,
    -0.017619189,
    -0.007847562,
    -0.01475134,
    -0.00849167,
    -0.0015211658,
    0.09590405,
    0.029594354,
    0.06299772,
    -0.034160096,
    0.0018912511,
    0.059292387,
    -0.0046987087,
    -0.015145018,
    -0.0008983727,
    -0.025631843,
    0.006138778,
    0.08219215,
    0.073223524,
    0.019100668,
    0.04316332,
    -0.012310885,
    0.008317538,
    0.043886628,
    0.0034301449,
    0.0037976701,
    -0.017186169,
    0.04423156,
    0.09461536,
    -0.029158881,
    -0.024230354,
    0.023160232,
    -0.030738711,
    -0.025057686,
    -0.071815506,
    -0.062209755,
    0.040328514,
    0.044597294,
    -0.06185019,
    0.010717325,
    0.03134333,
    0.029962145,
    0.06555358,
    -0.018632287,
    0.0113257095,
    0.020404326,
    0.0042811506,
    -0.0070874374,
    -0.052582767,
    -0.07623457,
    0.0041015814,
    -0.020015089,
    -0.023255764,
    -0.11508221,
    0.016597824,
    -0.040998872,
    -0.038245108,
    -0.02679929,
    0.07689118,
    0.006660977,
    -0.0015827268,
    0.035547685,
    0.0030083992,
    -0.1119504,
    0.03432164,
    -0.00082646124,
    -0.011072416,
    0.013816324,
    0.013113382,
    -0.0050452338,
    -0.0006948964,
    0.020266043,
    0.025199922,
    0.06498595,
    -0.08675677,
    -0.036063377,
    -3.289021e-8,
    -0.052778084,
    -0.055648685,
    -0.013968828,
    0.02430681,
    0.0004091804,
    0.033781555,
    0.038552094,
    -0.024746535,
    0.0046281065,
    -0.011526693,
    0.018289872,
    -0.034936767,
    -0.017111612,
    0.012645391,
    0.04475044,
    0.01120482,
    -0.0023513217,
    0.007806065,
    -0.06529575,
    0.0016864393,
    0.07763786,
    0.03663486,
    0.020631863,
    -0.03977351,
    -0.008766115,
    -0.023717867,
    -0.009182994,
    0.0159828,
    0.007882219,
    0.029426856,
    -0.016008532,
    0.017515602,
    -0.022168435,
    -0.010003418,
    -0.009517749,
    0.030288251,
    -0.012085152,
    -0.03666652,
    -0.004425351,
    0.08916701,
    -0.0076549747,
    0.004677186,
    -0.052472938,
    0.03441601,
    -0.048803773,
    -0.030620605,
    0.02689231,
    0.08332326,
    -0.048369523,
    0.01637358,
    -0.06236412,
    -0.032742944,
    -0.041264225,
    -0.002160154,
    -0.066124655,
    0.014129118,
    0.014925547,
    0.052941024,
    -0.007792512,
    -0.010150518,
    0.04374194,
    -0.03562287,
    -0.0066877757,
    -0.006734031
  ]
}