{
  "generation": 5,
  "stress_tolerance": 0.48392323,
  "curiosity": 0.4870768,
  "energy_efficiency": 0.5,
  "paranoia": 0.17999999,
  "refractive_index": 0.5,
  "survival_drive": 0.8,
  "stoicism": 0.10696159,
  "seed_vector": [
    0.052035544,
    0.099606335,
    0.08161155,
    0.029269243,
    -0.036990087,
    -0.014037152,
    0.038837984,
    -0.06865374,
    0.0060219313,
    -0.03466237,
    -0.08886268,
    -0.017718872,
    0.037363995,
    -0.060384512,
    0.04547218,
    0.007990966,
    0.008215334,
    0.051826462,
    0.0597823,
    0.06613257,
    -0.021464074,
    -0.036878552,
    -0.042999,
    -0.010103891,
    0.013673139,
    0.049633816,
    -0.031740054,
    -0.0007504169,
    -0.01664639,
    0.02177383,
    -0.04840218,
    -0.0365509,
    0.0593671,
    0.023965769,
    -0.025203988,
    0.0027332313,
    -0.019012341,
    0.018375834,
    -0.046904694,
    0.004330698,
    0.030127829,
    -0.049156204,
    0.07085776,
    -0.011656366,
    -0.06434053,
    -0.0772781,
    -0.016776469,
    0.051304024,
    0.06744575,
    0.054465156,
    -0.009868874,
    -0.019776773,
    -0.06175691,
    -0.00009285026,
    0.031439047,
    0.09248882,
    0.018237164,
    0.06643123,
    0.013433299,
    0.015519698,
    0.053429324,
    0.03360134,
    -0.44671464,
    -0.03294563,
    -0.08004153,
    -0.0146809565,
    0.055815037,
    0.03333624,
    -0.015671555,
    -0.03253608,
    -0.0058465376,
    -0.028666763,
    -0.072320946,
    0.0027003484,
    0.014410696,
    -0.01411328,
    0.03454137,
    -0.0865747,
    0.012542273,
    0.056282263,
    -0.07504884,
    -0.050594706,
    0.0025884344,
    -0.06813341,
    -0.016093746,
    0.11928451,
    -0.008910604,
    0.022300407,
    0.011293705,
    -0.002346928,
    -0.050889272,
    -0.044644404,
    -0.04891858,
    -0.025004035,
    0.0007298842,
    0.100259714,
    -0.059175465,
    -0.0048840414,
    0.021106118,
    0.032988433,
    -0.01577951,
    -0.0011257138,
    0.006655643,
    -0.05283789,
    0.002703011,
    0.0028141008,
    -0.074757546,
    0.056335386,
    0.024610875,
    0.033025995,
    -0.014713548,
    -0.0052476437,
    -0.043891206,
    0.032122713,
    -0.045042384,
    0.04382443,
    -0.055799592,
    0.039352767,
    -0.005283115,
    0.0031683724,
    0.026316106,
    -0.012741133,
    -0.020325938,
    0.10531699,
    -0.0026815233,
    0.028334245,
    -0.0633395,
    4.4163323e-33,
    0.060714144,
    -0.0219128,
    0.05641961,
    -0.013844893,
    0.034813657,
    -0.029595574,
    -0.098297715,
    -0.059337903,
    -0.018561723,
    0.099015415,
    0.03629449,
    -0.049598124,
    0.02264452,
    0.014300238,
    0.027746923,
    0.020845637,
    -0.017828163,
    0.039496265,
    -0.085844815,
    -0.013274589,
    -0.03815062,
    0.15001307,
    0.004699972,
    0.015467477,
    -0.020699104,
    -0.06825891,
    0.00400941,
    0.10654104,
    0.04873694,
    0.013116012,
    0.030562058,
    -0.059659895,
    0.017400598,
    -0.011985852,
    -0.033606235,
    -0.008459652,
    0.013521875,
    -0.0038925817,
    -0.00032920283,
    -0.05720293,
    -0.030437568,
    -0.0046893945,
    0.067201205,
    -0.077705406,
    -0.0053707506,
    -0.0073788464,
    0.012953299,
    -0.055610437,
    -0.034390923,
    -0.0008795045,
    0.02759099,
    -0.011027637,
    0.004026394,
    0.048278693,
    -0.066262454,
    0.06941376,
    0.000753769,
    0.05361442,
    0.029139766,
    -0.023552993,
    0.043117225,
    -0.003475684,
    0.11740261,
    0.03697515,
    -0.029481763,
    -0.08164318,
    0.010601226,
    -0.0051740534,
    0.006644416,
    -0.02108301,
    -0.013554379,
    -0.04091526,
    -0.06273156,
    0.02551507,
    -0.08486426,
    0.053245574,
    -0.009218137,
    -0.063260786,
    0.068305336,
    -0.02440509,
    -0.097518325,
    -0.010461326,
    -0.017475903,
    0.03316818,
    0.027499715,
    0.024102999,
    0.008539944,
    -0.013566789,
    0.006387957,
    0.027180916,
    -0.08117273,
    -0.012323745,
    -0.16640107,
    -0.05188218,
    -0.011060345,
    -5.1001232e-33,
    -0.036538113,
    -0.06666876,
    -0.0005343764,
    0.023466682,
    -0.040797364,
    -0.021004008,
    0.039577868,
    0.03266721,
    0.030779436,
    0.009957935,
    0.041308776,
    0.05501269,
    0.0007577348,
    -0.037858974,
    -0.07011497,
    -0.0028306155,
    0.03321114,
    0.01714868,
    0.00013971755,
    0.032029644,
    0.0066369716,
    -0.0500983,
    -0.015920857,
    -0.023583973,
    -0.025836349,
    0.12292278,
    0.042880386,
    0.055484753,
    -0.04186352,
    -0.02863662,
    0.06799538,
    0.01418857,
    -0.031742487,
    0.057749644,
    -0.023882432,
    0.08234627,
    0.05357437,
    0.023398304,
    0.036172815,
    -0.019919064,
    0.060577203,
    -0.059610635,
    0.007853744,
    -0.02103628,
    0.01724351,
    0.08126121,
    0.06279955,
    0.07565381,
    -0.00431257,
    -0.0064270417,
    0.005146854,
    -0.012545151,
    0.013363724,
    -0.050984655,
    -0.10910034,
    0.026034787,
    0.044834215,
    -0.029460972,
    0.04148105,
    0.01479796,
    0.010671378,
    0.03369252,
    -0.04500398,
    -0.0074129924,
    0.0149693005,
    0.042904053,
    0.016766341,
    -0.06704549,
    -0.067629285,
    0.067898326,
    0.020553036,
    -0.008292342,
    -0.06052786,
    0.0013433214,
    -0.018985977,
    0.0050397567,
    -0.05060582,
    0.03529632,
    -0.015321297,
    -0.046477914,
    0.0018691526,
    -0.03227401,
    -0.13647409,
    0.024299232,
    0.01696118,
    0.013182313,
    0.015458954,
    0.052398723,
    -0.025785193,
    0.059706777,
    -0.018856924,
    0.05529225,
    -0.012221235,
    -0.08540076,
    -0.029384807,
    -1.9608345e-8,
    -0.013822842,
    -0.13020295,
    0.020732671,
    -0.020374596,
    0.0065809786,
    0.036567673,
    0.05800644,
    0.009614728,
    0.016890874,
    -0.048261013,
    -0.016325705,
    0.0031622767,
    0.022598961,
    0.012544653,
    0.045410752,
    0.06876839,
    0.034873497,
    -0.012085297,
    -0.04295948,
    -0.039478745,
    0.058569077,
    -0.026646158,
    -0.002774816,
    -0.054585516,
    -0.020648489,
    -0.0016658213,
    -0.035488088,
    0.091104604,
    0.036627125,
    0.028611176,
    0.013757776,
    0.018958658,
    -0.028236717,
    -0.020492224,
    0.0036537515,
    0.08736193,
    -0.003866181,
    -0.0085590435,
    0.030785607,
    0.04931356,
    -0.04695021,
    0.021048903,
    -0.045469236,
    0.005808035,
    -0.10442831,
    -0.035626855,
    0.027191237,
    0.059578072,
    -0.034812707,
    0.021657782,
    -0.0092826495,
    0.03154242,
    -0.07553411,
    0.017134173,
    -0.06597602,
    -0.006477265,
    0.014913611,
    0.045139242,
    0.010745797,
    0.0399377,
    0.069838025,
    -0.008388399,
    -0.017052958,
    -0.037404343
  ]
}