{
  "generation": 6,
  "stress_tolerance": 0.5004567,
  "curiosity": 0.47054332,
  "energy_efficiency": 0.5,
  "paranoia": 0.19999999,
  "refractive_index": 0.5,
  "survival_drive": 0.8,
  "stoicism": 0.11522833,
  "seed_vector": [
    0.031741362,
    0.04728413,
    0.09057522,
    -0.040073432,
    -0.03721539,
    0.05036562,
    0.07170269,
    -0.012072115,
    0.0063844714,
    0.050416376,
    -0.010565765,
    -0.005158949,
    0.033764128,
    -0.05925586,
    0.0027062413,
    0.037979715,
    -0.071351364,
    0.039442137,
    0.033517696,
    0.053256083,
    0.0019652122,
    0.077546366,
    -0.061091274,
    -0.0057366528,
    -0.002334944,
    0.05497819,
    -0.007049378,
    0.019219983,
    -0.05170291,
    -0.047535874,
    -0.044116624,
    0.05455205,
    0.060213484,
    -0.0051923045,
    -0.012881819,
    0.033394624,
    0.005526753,
    -0.013507746,
    -0.05492095,
    0.04253968,
    0.012074644,
    -0.034748502,
    0.038109258,
    0.024863549,
    -0.09863359,
    -0.09369913,
    -0.032384004,
    -0.04339902,
    -0.07488118,
    0.045273464,
    -0.012913063,
    -0.029680448,
    -0.10222383,
    0.05066959,
    -0.0311701,
    0.022872705,
    0.048342645,
    0.014816004,
    0.04748422,
    -0.009006114,
    -0.011277224,
    0.016438248,
    -0.34830034,
    -0.06890826,
    0.042974144,
    -0.0452695,
    0.03623962,
    0.03642694,
    -0.064842224,
    0.07062225,
    0.075886354,
    -0.021721214,
    -0.006835887,
    0.024195958,
    0.052423917,
    0.004081601,
    0.0040935124,
    -0.09938301,
    0.03892701,
    -0.06378621,
    -0.022027485,
    -0.030498108,
    -0.06424826,
    -0.09555826,
    -0.04279527,
    0.04109831,
    -0.058462672,
    -0.042824917,
    0.035568394,
    -0.03502611,
    -0.036260713,
    -0.10130369,
    -0.032513663,
    0.04359875,
    0.0116083175,
    0.112850815,
    0.012310698,
    -0.020045971,
    0.06404182,
    0.06547962,
    0.0106844995,
    0.070209995,
    -0.01806182,
    0.044627257,
    -0.06610253,
    0.0039882925,
    -0.0466754,
    0.03803179,
    -0.006698168,
    -0.056311853,
    -0.018441165,
    0.0073894616,
    -0.047931883,
    0.035553735,
    -0.04725749,
    0.013744984,
    -0.021675529,
    0.055718057,
    0.11681032,
    0.052841835,
    0.02429477,
    -0.00903672,
    -0.009926387,
    0.048608646,
    -0.022734445,
    0.03210527,
    -0.015120552,
    -2.4381778e-34,
    0.019195244,
    -0.0064676767,
    0.07332598,
    0.0043523475,
    0.035932925,
    -0.092549324,
    -0.045988116,
    0.015612469,
    -0.09207457,
    0.04139897,
    0.05285982,
    0.014723374,
    -0.0321174,
    0.036161132,
    0.06448125,
    -0.046750218,
    0.04536347,
    -0.01675021,
    -0.005185876,
    -0.061809007,
    -0.026350379,
    0.16214934,
    0.009140068,
    0.014494761,
    -0.032178953,
    -0.014425503,
    0.0030578105,
    0.05291948,
    -0.039292373,
    0.03184376,
    0.026991425,
    -0.022177422,
    0.026121067,
    -0.012434066,
    0.017408147,
    0.0133266505,
    0.014950957,
    0.007939262,
    0.022951275,
    -0.10573852,
    -0.10609378,
    -0.0046642767,
    -0.0016494798,
    -0.02111511,
    0.06813134,
    0.009416667,
    0.014137712,
    -0.030987415,
    0.023806855,
    0.05010955,
    0.015266011,
    -0.021879664,
    0.027865052,
    0.029272981,
    -0.03032406,
    0.02393109,
    -0.0017693567,
    0.0870768,
    -0.014232002,
    -0.026545655,
    0.047753297,
    0.04745154,
    0.08537716,
    0.01774094,
    0.01959841,
    -0.036179673,
    0.080157965,
    -0.04658548,
    0.06992892,
    -0.034268633,
    -0.12860654,
    -0.01999657,
    -0.010073796,
    0.041596223,
    -0.0053792275,
    0.05284668,
    0.027160149,
    -0.06062927,
    -0.0010986808,
    0.00090436125,
    -0.15251921,
    0.033197433,
    -0.088630654,
    0.0020080898,
    0.0121620335,
    0.0048596365,
    -0.018549347,
    -0.09506507,
    -0.02241991,
    0.014503319,
    -0.09109499,
    0.056146186,
    -0.05599054,
    -0.060301285,
    -0.035779584,
    -3.795527e-33,
    0.010330845,
    0.026644649,
    0.005741845,
    0.029883165,
    -0.045934156,
    -0.008467151,
    0.017887808,
    0.017376449,
    0.008416561,
    0.029635666,
    -0.023076136,
    0.0252825,
    0.0098355785,
    -0.1151716,
    -0.08438571,
    -0.03580027,
    0.06338009,
    -0.01995531,
    -0.0073518995,
    0.02575373,
    -0.033944372,
    0.018185234,
    0.003932629,
    -0.0014601143,
    0.009838401,
    0.09670059,
    0.03901561,
    0.06347172,
    -0.027213063,
    0.017823417,
    0.0628714,
    -0.010099659,
    -0.033957385,
    0.003428345,
    -0.016592348,
    -0.013026015,
    0.09030838,
    0.09322618,
    0.01996947,
    0.075171985,
    -0.03019593,
    0.005234262,
    0.04811143,
    0.009584146,
    0.00881421,
    -0.06850813,
    0.04839308,
    0.10251844,
    -0.03792906,
    -0.035601426,
    0.04312712,
    -0.02940841,
    -0.033830352,
    -0.07556272,
    -0.05236814,
    0.03642738,
    0.045330465,
    -0.06110988,
    -0.019000953,
    0.028609093,
    0.01753711,
    0.065456614,
    -0.003724556,
    0.016797986,
    0.025689635,
    0.005521961,
    -0.019200947,
    -0.048628192,
    -0.062797256,
    -0.022467628,
    -0.036481142,
    -0.03990081,
    -0.17577738,
    0.02551873,
    -0.050557517,
    -0.05193872,
    -0.019921338,
    0.10430215,
    -0.004349881,
    -0.009560379,
    0.05680738,
    0.022117099,
    -0.09899801,
    0.023365235,
    -0.009203866,
    -0.015862152,
    0.017580789,
    0.003957256,
    0.0001672518,
    -0.016658714,
    0.03097046,
    0.014867436,
    0.08964111,
    -0.097423345,
    -0.036587633,
    -3.6357548e-8,
    -0.09174204,
    -0.024048874,
    -0.0026895795,
    0.029114734,
    0.006011583,
    0.03755485,
    0.01968242,
    -0.062032416,
    0.008477216,
    -0.014191246,
    0.035181876,
    -0.044884637,
    -0.041059397,
    0.004624578,
    0.05962733,
    -0.0010644497,
    -0.026616514,
    0.00477309,
    -0.07206358,
    -0.002348964,
    0.07684687,
    0.05304479,
    -0.0034826077,
    -0.03695308,
    -0.0047247275,
    -0.019467346,
    -0.012885129,
    -0.007940217,
    0.005368138,
    0.049024034,
    0.0015258595,
    0.024995847,
    -0.007549609,
    -0.0076993736,
    -0.014198753,
    0.018467633,
    -0.010752371,
    -0.06333695,
    0.0015857648,
    0.09919443,
    0.007982301,
    0.020925526,
    -0.043089375,
    0.047239512,
    -0.017871864,
    -0.037011128,
    0.0320746,
    0.108736284,
    -0.039982677,
    -0.014966507,
    -0.08835061,
    -0.059937805,
    -0.026768407,
    -0.0059567248,
    -0.035923265,
    0.0210541,
    0.024790376,
    0.052577924,
    -0.029693406,
    -0.018412238,
    0.039744746,
    -0.025963482,
    -0.0016955666,
    -0.001993512
  ]
}