{
  "generation": 15,
  "stress_tolerance": 0.5,
  "curiosity": 0.25999987,
  "energy_efficiency": 0.39999998,
  "paranoia": 0.7000001,
  "refractive_index": 0.5,
  "survival_drive": 0.8,
  "stoicism": 0.2,
  "seed_vector": [
    0.012541111,
    0.13592413,
    0.054865886,
    0.03237349,
    -0.019772409,
    0.0273109,
    0.06712699,
    -0.058909725,
    0.0013112318,
    -0.02855464,
    -0.025709545,
    -0.040648397,
    -0.026999548,
    -0.053041045,
    0.011361755,
    0.032158438,
    0.016926676,
    0.04334045,
    0.04295553,
    0.050639957,
    -0.018706039,
    -0.006964334,
    0.018946776,
    -0.0039416607,
    0.009986807,
    0.058719452,
    0.022943303,
    0.0020370928,
    -0.016382234,
    -0.016316494,
    0.011984275,
    -0.07365241,
    0.054477632,
    0.040006433,
    -0.039252724,
    -0.019033296,
    0.015193053,
    0.0042339414,
    -0.022156803,
    0.007074679,
    0.03126907,
    -0.005250449,
    0.048205957,
    -0.04457994,
    -0.06681361,
    -0.06329801,
    0.004687487,
    0.041059338,
    0.048716065,
    0.038605373,
    -0.00865809,
    -0.05227828,
    -0.092347525,
    -0.030883575,
    0.036868963,
    0.07660885,
    -0.0069675115,
    0.014717601,
    0.008524726,
    0.0051585124,
    0.063382536,
    -0.0016340674,
    -0.3963882,
    -0.015959486,
    -0.06624064,
    -0.003908738,
    0.012449846,
    0.011364553,
    -0.017235389,
    0.024486443,
    -0.026442306,
    -0.018784048,
    -0.046520967,
    -0.0025610432,
    0.018920913,
    0.037154082,
    0.051144734,
    -0.044264328,
    0.013602887,
    0.06895002,
    -0.02970993,
    -0.05098452,
    0.020136677,
    -0.04048893,
    -0.003399078,
    0.060447697,
    0.010617885,
    0.047775466,
    0.06739669,
    -0.009042443,
    -0.04606695,
    -0.051245917,
    -0.0003480843,
    -0.007187035,
    0.043557424,
    0.038788248,
    -0.066258185,
    0.011910628,
    -0.020456763,
    0.02972955,
    -0.035333816,
    0.020719476,
    -0.008299685,
    -0.0031424935,
    0.0029082845,
    0.0300302,
    -0.11808657,
    0.020980148,
    0.028544968,
    0.06638681,
    -0.016784966,
    -0.012839425,
    -0.041906506,
    0.021678628,
    0.022351481,
    0.027482072,
    -0.06276507,
    -0.015832506,
    0.01088475,
    -0.01870591,
    -0.0013754051,
    -0.0032718268,
    -0.03513849,
    0.09597259,
    0.004935896,
    0.07681771,
    -0.0167516,
    1.7382437e-33,
    0.06892025,
    0.013249915,
    0.064706825,
    -0.009058112,
    -0.000030373843,
    -0.018372403,
    -0.032883063,
    -0.07868027,
    -0.06527757,
    0.100214936,
    -0.01270014,
    -0.012049814,
    0.008376366,
    0.028607018,
    0.04417385,
    -0.030246794,
    -0.028846018,
    0.051321033,
    -0.082247384,
    0.032965343,
    -0.008349272,
    0.13701884,
    -0.026016572,
    -0.024702927,
    -0.03099709,
    -0.10367685,
    0.0038587868,
    0.07013871,
    0.061062723,
    0.001648982,
    0.0372673,
    -0.05687653,
    -0.009010001,
    -0.007245213,
    -0.047928784,
    -0.03403011,
    -0.010314033,
    -0.05651674,
    0.006323075,
    -0.034582205,
    -0.054060366,
    0.022290573,
    0.029811978,
    -0.016301373,
    0.0022666382,
    0.027426848,
    0.0054328465,
    -0.056838363,
    -0.027112678,
    0.0062636663,
    0.029262729,
    0.016345074,
    0.03703127,
    0.027740853,
    -0.048311304,
    -0.0025948884,
    -0.042408984,
    0.06533722,
    0.016602864,
    -0.04864641,
    0.042496324,
    -0.019614037,
    0.07977061,
    0.024110874,
    -0.012857462,
    -0.089645706,
    -0.008863269,
    0.0039543076,
    0.011087876,
    -0.034961566,
    0.013066647,
    -0.032521043,
    -0.02818572,
    0.0012621768,
    -0.073350675,
    0.07573541,
    0.03204244,
    -0.029887944,
    0.073409416,
    -0.01118568,
    -0.07433661,
    0.0071397983,
    -0.04272436,
    0.018665237,
    0.034311228,
    0.010795216,
    0.025427349,
    -0.022708273,
    -0.00860951,
    0.028644165,
    -0.061816964,
    0.006136297,
    -0.11559207,
    -0.021022478,
    0.00038767638,
    -2.4769585e-33,
    -0.030540466,
    -0.034268424,
    0.00222586,
    0.013204329,
    -0.003859802,
    -0.02245565,
    0.03053488,
    0.03644325,
    0.015306231,
    0.018356932,
    0.04875809,
    0.028243154,
    0.021794489,
    -0.032365914,
    -0.031042652,
    0.038064968,
    0.030821173,
    0.012371081,
    0.017767863,
    0.017257156,
    0.04863419,
    -0.053894658,
    -0.054825787,
    -0.037809245,
    -0.061535526,
    0.15155907,
    0.05587915,
    0.037532672,
    -0.039218232,
    -0.033785757,
    0.06368335,
    0.032980826,
    -0.009485062,
    0.05253583,
    -0.030266583,
    0.080106474,
    0.047376174,
    0.032799784,
    -0.009670683,
    0.012945733,
    0.049806062,
    -0.0033344214,
    -0.044855163,
    -0.047520015,
    0.0039174673,
    0.0980551,
    0.038806308,
    0.03716503,
    -0.008791286,
    0.02013213,
    -0.009267694,
    -0.009653262,
    -0.010540056,
    -0.0068413294,
    -0.056857806,
    -0.0056421314,
    0.01041375,
    -0.06298464,
    0.025706217,
    0.014928532,
    0.010622077,
    0.010552918,
    -0.07482148,
    0.0049839625,
    0.018382648,
    0.051902752,
    0.0034383647,
    -0.057244044,
    -0.07969526,
    0.037133805,
    -0.036355183,
    -0.017368814,
    -0.05381219,
    -0.034280185,
    0.03758056,
    0.00773623,
    -0.037973583,
    0.018551463,
    -0.0051822583,
    -0.05575013,
    -0.024056576,
    -0.036522727,
    -0.11821521,
    0.02091221,
    0.062364113,
    -0.0022518544,
    0.006352609,
    0.06539901,
    0.0043673334,
    0.060216714,
    0.00594748,
    0.079614505,
    0.002373688,
    -0.10076314,
    -0.03027828,
    -2.4704434e-8,
    -0.00828532,
    -0.11088764,
    0.0058130543,
    0.035419125,
    0.035193626,
    0.019617302,
    0.05455901,
    0.016026756,
    0.0053224727,
    -0.010878724,
    -0.023891464,
    0.052238483,
    0.046097178,
    0.01997857,
    0.051414236,
    0.07448161,
    0.0029099584,
    -0.012155008,
    -0.018096136,
    -0.034947395,
    0.068141885,
    -0.00924426,
    -0.00568483,
    -0.021195484,
    -0.05289945,
    0.010253407,
    -0.036695957,
    0.060471404,
    0.009113878,
    0.009635699,
    0.0037853273,
    0.023374006,
    -0.054727655,
    -0.023280429,
    0.016279953,
    0.018791882,
    -0.011652619,
    -0.00045181904,
    0.00453225,
    0.0845325,
    -0.022530518,
    -0.01115264,
    -0.03470956,
    -0.007067017,
    -0.06872662,
    -0.027023152,
    -0.023624355,
    0.0024537134,
    -0.09433449,
    0.034215767,
    -0.010160451,
    0.01554412,
    -0.05098222,
    0.037123192,
    -0.04723298,
    -0.0013982286,
    -0.017063877,
    0.03637663,
    0.033312157,
    0.06416727,
    0.06947257,
    -0.015045307,
    -0.04611982,
    -0.009530169
  ]
}