{
  "generation": 17,
  "stress_tolerance": 0.417525,
  "curiosity": 0.4634751,
  "energy_efficiency": 0.5,
  "paranoia": 0.19999999,
  "refractive_index": 0.5,
  "survival_drive": 0.8,
  "stoicism": 0.11876244,
  "seed_vector": [
    0.047067143,
    0.048406124,
    0.06555373,
    -0.029524667,
    -0.061713405,
    0.035589688,
    0.04377377,
    -0.023952387,
    0.0080878455,
    0.04521482,
    -0.02692068,
    0.00012663835,
    0.028242346,
    -0.05401444,
    0.01837754,
    0.024678912,
    -0.03535496,
    0.04104707,
    0.052776232,
    0.05886937,
    -0.011374172,
    0.04287359,
    -0.05586505,
    0.00016954944,
    -0.01246506,
    0.055534404,
    -0.010436132,
    0.02885466,
    -0.049552415,
    -0.031987745,
    -0.04369735,
    0.025160702,
    0.044479128,
    0.0021122112,
    -0.01798683,
    0.005714412,
    -0.0106045045,
    -0.011280432,
    -0.055523664,
    0.031224655,
    0.018383533,
    -0.030010097,
    0.04922378,
    0.006794618,
    -0.098917104,
    -0.09712119,
    -0.032255165,
    -0.020588955,
    -0.010129691,
    0.048323054,
    -0.0022328307,
    -0.020682331,
    -0.0872778,
    0.03760301,
    0.011140466,
    0.031857613,
    0.0223513,
    0.04130876,
    0.030986952,
    0.01722127,
    0.0077756206,
    0.012884321,
    -0.34547007,
    -0.06036617,
    -0.002811468,
    -0.0010023324,
    0.03375211,
    0.013118131,
    -0.043383375,
    0.035845645,
    0.06009703,
    -0.03179944,
    -0.02314947,
    0.010321247,
    0.059900872,
    0.014547295,
    0.02487352,
    -0.07465291,
    0.018224774,
    -0.015194399,
    -0.033066876,
    -0.038489006,
    -0.034368165,
    -0.08672942,
    -0.02113375,
    0.07242298,
    -0.050444003,
    -0.018182687,
    0.023325892,
    -0.031105379,
    -0.037308656,
    -0.07314172,
    -0.04258348,
    0.00848468,
    -0.0032220725,
    0.08519947,
    -0.023804827,
    -0.015295459,
    0.044542745,
    0.043992415,
    -0.007969642,
    0.06116926,
    0.008579305,
    0.014706999,
    -0.062053435,
    0.013294937,
    -0.06371627,
    0.062680714,
    -0.014680331,
    -0.03189522,
    -0.02490187,
    0.025082724,
    -0.05929704,
    0.036090866,
    -0.047621444,
    0.010587328,
    -0.03133875,
    0.07009989,
    0.07415404,
    0.044752542,
    0.00806217,
    -0.026871031,
    -0.0042754943,
    0.076997116,
    -0.021638727,
    0.03609236,
    -0.022508193,
    2.683872e-33,
    0.039667726,
    -0.010518104,
    0.07275257,
    -0.012980573,
    0.0462075,
    -0.09319584,
    -0.06000662,
    0.0018439057,
    -0.06535998,
    0.06256811,
    0.054757427,
    0.003717803,
    -0.00913914,
    0.041484017,
    0.047328103,
    -0.024369065,
    0.01727698,
    -0.0010524999,
    -0.041703925,
    -0.05090492,
    -0.04044859,
    0.1485482,
    0.011092175,
    0.012772473,
    -0.014933175,
    -0.015825264,
    -0.0012555015,
    0.07389987,
    -0.008390599,
    0.021412387,
    0.035718843,
    -0.031234065,
    0.01899806,
    -0.016334716,
    -0.0048854807,
    0.014564103,
    0.00416228,
    -0.0041968734,
    0.0299313,
    -0.08940375,
    -0.07614998,
    -0.0069591277,
    0.006503739,
    -0.028146109,
    0.04253208,
    0.013116909,
    0.0016335371,
    -0.051398695,
    0.003137126,
    0.02761748,
    0.019494774,
    -0.011958369,
    0.009913835,
    0.024673574,
    -0.043215744,
    0.022092981,
    -0.010944824,
    0.07149271,
    0.012468518,
    -0.016109467,
    0.03573895,
    0.040843397,
    0.087812655,
    0.018053321,
    -0.0014808094,
    -0.039340913,
    0.069108814,
    -0.04935935,
    0.056864124,
    -0.025765507,
    -0.064788125,
    -0.038822126,
    -0.0061030206,
    0.02324558,
    -0.03280522,
    0.063212745,
    0.0016653339,
    -0.077700466,
    0.041133467,
    -0.003774768,
    -0.13092358,
    0.023914304,
    -0.064526215,
    0.0057575875,
    0.018827014,
    0.028898291,
    0.006815271,
    -0.06329493,
    -0.026403464,
    0.01315053,
    -0.08527929,
    0.04307977,
    -0.09177885,
    -0.049650982,
    -0.028534092,
    -4.8439437e-33,
    -0.0017262948,
    -0.011387032,
    0.009769862,
    0.024968777,
    -0.03922971,
    -0.008132097,
    0.013087611,
    0.022184815,
    0.021853454,
    0.034934126,
    0.01956689,
    0.038182445,
    0.015687488,
    -0.1006394,
    -0.07830501,
    0.0041882033,
    0.042550325,
    0.008305524,
    0.0010138801,
    0.02311111,
    -0.014726766,
    -0.012101716,
    -0.01819535,
    -0.007983742,
    -0.003408096,
    0.08987211,
    0.025863655,
    0.06415717,
    -0.03499897,
    -0.0010185954,
    0.058155615,
    -0.0036259468,
    -0.01328438,
    -0.0025161537,
    -0.025474975,
    0.010147883,
    0.07858891,
    0.06886244,
    0.018888049,
    0.03835641,
    -0.009376609,
    0.007638054,
    0.043444924,
    0.0031494892,
    0.0006011367,
    -0.009833671,
    0.043882675,
    0.09441237,
    -0.028974244,
    -0.024039162,
    0.018583769,
    -0.028690109,
    -0.022275988,
    -0.07353583,
    -0.0642403,
    0.036890194,
    0.045201816,
    -0.061132476,
    0.0148016615,
    0.03378552,
    0.030946752,
    0.06374469,
    -0.020569047,
    0.008168709,
    0.021066258,
    0.0059070587,
    -0.004635713,
    -0.048479456,
    -0.08013205,
    0.008814784,
    -0.013312877,
    -0.018415634,
    -0.106244,
    0.017183628,
    -0.041220553,
    -0.03509114,
    -0.027943727,
    0.07294416,
    0.00644322,
    -0.0020172442,
    0.031612318,
    0.0010912871,
    -0.11439146,
    0.03266471,
    0.0037669917,
    -0.0051635485,
    0.016460784,
    0.014849424,
    -0.006197282,
    0.0030734576,
    0.017844925,
    0.026033035,
    0.060869727,
    -0.08578331,
    -0.034885634,
    -3.2190187e-8,
    -0.04772266,
    -0.06317174,
    -0.016442634,
    0.022280116,
    -0.0012546782,
    0.032633767,
    0.040956452,
    -0.017362935,
    0.0049019028,
    -0.012764247,
    0.014899622,
    -0.033185195,
    -0.012947274,
    0.012576741,
    0.039926577,
    0.013027091,
    0.0045542493,
    0.01165922,
    -0.062183525,
    0.005110287,
    0.07703878,
    0.0352797,
    0.025024103,
    -0.03869529,
    -0.010890305,
    -0.022933459,
    -0.00789075,
    0.016703414,
    0.00976664,
    0.027247785,
    -0.018335842,
    0.013864985,
    -0.025684642,
    -0.00988471,
    -0.009672087,
    0.033993244,
    -0.01328288,
    -0.03353171,
    -0.00483796,
    0.08325765,
    -0.0134582715,
    0.0012259453,
    -0.0546181,
    0.032719262,
    -0.055900965,
    -0.033038143,
    0.027189292,
    0.08020411,
    -0.04760756,
    0.018066395,
    -0.057584386,
    -0.028383574,
    -0.046205625,
    -0.005748484,
    -0.0687551,
    0.009715278,
    0.01290471,
    0.057399288,
    -0.006555971,
    -0.009040045,
    0.048140284,
    -0.037992172,
    -0.006790091,
    -0.005855128
  ]
}